1.975954174995422363e+00,1.175619363784790039e+00
1.396143078804016113e+00,6.010276079177856445e-01
4.159264266490936279e-01,5.094756484031677246e-01
1.690137386322021484e+00,2.677993774414062500e-01
1.435110449790954590e+00,1.006890177726745605e+00
1.259617447853088379e+00,5.805954337120056152e-01
3.349847197532653809e-01,8.094195723533630371e-01
1.778421521186828613e+00,1.457840919494628906e+00
9.702553749084472656e-01,1.153828740119934082e+00
1.271421909332275391e+00,1.102787256240844727e+00
9.531375169754028320e-01,1.371792435646057129e+00
1.175663352012634277e+00,1.280382752418518066e+00
1.637373805046081543e+00,1.850340723991394043e+00
6.846905946731567383e-01,1.523486733436584473e+00
1.007269382476806641e+00,1.000277757644653320e+00
1.569971084594726562e+00,1.357466101646423340e+00
7.531014680862426758e-01,9.042009711265563965e-01
9.380916357040405273e-01,4.576752781867980957e-01
1.602915287017822266e+00,5.647453069686889648e-01
9.605492353439331055e-01,1.781139135360717773e+00
1.361879944801330566e+00,5.218527913093566895e-01
5.981426239013671875e-01,4.326083064079284668e-01
5.048652887344360352e-01,1.140469193458557129e+00
1.241812825202941895e+00,1.297398686408996582e+00
4.588334858417510986e-01,1.496280074119567871e+00
8.373147845268249512e-01,9.243673682212829590e-01
7.104417681694030762e-01,1.263623952865600586e+00
1.383161664009094238e+00,8.244087696075439453e-01
1.568540811538696289e+00,3.086394630372524261e-02
1.049568533897399902e+00,1.515969514846801758e+00
2.219895422458648682e-01,7.981569766998291016e-01
1.388098597526550293e+00,5.659705996513366699e-01
1.131119847297668457e+00,4.259793758392333984e-01
1.720118641853332520e+00,1.414832592010498047e+00
1.006263375282287598e+00,3.552133142948150635e-01
1.534614086151123047e+00,7.153152227401733398e-01
1.191814303398132324e+00,-2.228142917156219482e-01
8.816949129104614258e-01,1.792231798171997070e+00
1.846530914306640625e+00,6.027962565422058105e-01
4.119301736354827881e-01,1.629351615905761719e+00
6.245334148406982422e-01,7.207635641098022461e-01
8.229826688766479492e-01,1.459007143974304199e+00
1.542622923851013184e+00,9.289165139198303223e-01
1.434827089309692383e+00,4.207619130611419678e-01
1.106901645660400391e+00,7.365866303443908691e-01
1.311104178428649902e+00,9.554397463798522949e-01
1.312291979789733887e+00,3.613884150981903076e-01
1.266739606857299805e+00,1.083039164543151855e+00
1.551705002784729004e+00,4.954096078872680664e-01
7.739562541246414185e-02,1.036201834678649902e+00
4.599203169345855713e-01,9.548570960760116577e-03
3.067946135997772217e-01,1.067189812660217285e+00
8.614336848258972168e-01,9.789585471153259277e-01
6.457331776618957520e-01,1.164052486419677734e-01
3.970201015472412109e-01,3.880089223384857178e-01
1.927870631217956543e+00,1.344390511512756348e+00
1.180634975433349609e+00,2.924677729606628418e-01
1.046368718147277832e+00,1.472814679145812988e+00
1.072509050369262695e+00,4.078892171382904053e-01
1.525809288024902344e+00,1.139023184776306152e+00
1.594696998596191406e+00,5.483292937278747559e-01
1.193646550178527832e+00,9.905505180358886719e-01
9.800638556480407715e-01,1.427834510803222656e+00
9.071795344352722168e-01,9.712055325508117676e-01
1.550484776496887207e+00,1.275993585586547852e+00
8.910899162292480469e-01,1.029570102691650391e+00
7.041546702384948730e-01,1.591485857963562012e+00
1.061109080910682678e-01,5.001044273376464844e-01
1.598381280899047852e+00,6.237347722053527832e-01
1.669262051582336426e+00,1.075643181800842285e+00
2.604845762252807617e-01,1.879881501197814941e+00
2.692813053727149963e-03,4.770294427871704102e-01
9.201865196228027344e-01,8.180727958679199219e-01
1.132955908775329590e+00,5.154760479927062988e-01
1.425747990608215332e+00,1.302346229553222656e+00
8.515449166297912598e-01,8.984363079071044922e-01
4.468583762645721436e-01,2.856471240520477295e-01
1.651477932929992676e+00,3.080284595489501953e-01
3.417836129665374756e-01,1.458805918693542480e+00
7.209573984146118164e-01,5.167789459228515625e-01
1.340444684028625488e+00,1.116140842437744141e+00
2.233979940414428711e+00,8.636139631271362305e-01
3.553045392036437988e-01,2.944676876068115234e-01
2.743998765945434570e-01,2.102565050125122070e+00
1.995552182197570801e+00,1.363192319869995117e+00
5.416805148124694824e-01,4.667028188705444336e-01
5.755392313003540039e-01,9.834197163581848145e-01
1.640258431434631348e+00,2.123745679855346680e+00
1.508483171463012695e+00,3.245481252670288086e-01
2.852829396724700928e-01,2.073348045349121094e+00
6.472254395484924316e-01,9.503865242004394531e-01
1.011820912361145020e+00,1.382457017898559570e+00
8.797369003295898438e-01,6.852844953536987305e-01
1.253997206687927246e+00,1.265392899513244629e+00
1.843578577041625977e+00,1.328833818435668945e+00
6.899540424346923828e-01,7.512965202331542969e-01
1.246456265449523926e+00,1.025431990623474121e+00
2.564309358596801758e+00,1.602090448141098022e-01
1.169540286064147949e+00,5.632068514823913574e-01
1.507338166236877441e+00,9.766187071800231934e-01
5.670857429504394531e-01,8.012048602104187012e-01
1.248227655887603760e-01,4.637109935283660889e-01
8.235684037208557129e-01,1.014097452163696289e+00
1.409118771553039551e+00,9.938996434211730957e-01
3.141062855720520020e-01,1.193419456481933594e+00
1.369413018226623535e+00,1.547980666160583496e+00
1.110947489738464355e+00,1.275416851043701172e+00
1.286460876464843750e+00,1.366222262382507324e+00
1.007683157920837402e+00,6.695422530174255371e-01
1.236822843551635742e+00,1.571017622947692871e+00
1.116961598396301270e+00,1.611480474472045898e+00
5.079377293586730957e-01,9.843527674674987793e-01
4.452488720417022705e-01,1.791348814964294434e+00
1.241517305374145508e+00,1.166305661201477051e+00
6.557507514953613281e-01,4.480370283126831055e-01
-3.841974074020981789e-03,9.204562902450561523e-01
8.203790187835693359e-01,1.372125506401062012e+00
9.326892495155334473e-01,1.516267657279968262e+00
9.225739240646362305e-01,6.128354668617248535e-01
1.382023334503173828e+00,2.030460119247436523e+00
1.572583913803100586e+00,1.403630614280700684e+00
1.155578255653381348e+00,1.125522017478942871e+00
1.085779309272766113e+00,1.006800651550292969e+00
1.604313492774963379e+00,1.228459119796752930e+00
1.517170310020446777e+00,1.640463471412658691e+00
1.230705022811889648e+00,1.134289145469665527e+00
1.649615049362182617e+00,7.449264526367187500e-01
4.164550304412841797e-01,1.288312196731567383e+00
7.527056336402893066e-01,1.161562919616699219e+00
1.082343339920043945e+00,7.493506073951721191e-01
1.038403749465942383e+00,5.337330102920532227e-01
1.683202028274536133e+00,1.965128183364868164e+00
6.904059648513793945e-01,8.718631267547607422e-01
1.324066519737243652e+00,5.988467335700988770e-01
1.786217451095581055e+00,8.446662425994873047e-01
8.154336214065551758e-01,1.216233849525451660e+00
1.302062153816223145e+00,1.162939786911010742e+00
1.517378449440002441e+00,4.160705506801605225e-01
1.417357206344604492e+00,9.667382836341857910e-01
3.763526380062103271e-01,1.095122575759887695e+00
5.458599925041198730e-01,1.059665918350219727e+00
1.456927537918090820e+00,6.105363965034484863e-01
1.170260190963745117e+00,8.025629520416259766e-01
1.416437387466430664e+00,1.281880974769592285e+00
5.689728856086730957e-01,4.930395781993865967e-01
8.004365563392639160e-01,1.675309300422668457e+00
4.037858247756958008e-01,6.350744962692260742e-01
9.927911162376403809e-01,5.815461874008178711e-01
6.852616071701049805e-01,3.222156167030334473e-01
4.673587381839752197e-01,2.738716900348663330e-01
8.294225335121154785e-01,1.476074337959289551e+00
1.557781696319580078e+00,1.903838157653808594e+00
1.280670404434204102e+00,1.138180255889892578e+00
1.378028869628906250e+00,3.661075830459594727e-01
6.493554115295410156e-01,5.618349909782409668e-01
2.137900352478027344e+00,9.888015389442443848e-01
1.818802952766418457e+00,7.779074907302856445e-01
1.318264842033386230e+00,-1.307653337717056274e-01
1.857806801795959473e+00,8.183816671371459961e-01
1.038976788520812988e+00,1.230224370956420898e+00
2.052366137504577637e-01,8.644849658012390137e-01
9.405411481857299805e-01,3.921246528625488281e-01
1.522174477577209473e+00,1.537670254707336426e+00
1.230673193931579590e+00,1.265298128128051758e+00
1.417070746421813965e+00,9.670438766479492188e-01
1.088211774826049805e+00,4.363279044628143311e-01
6.974425911903381348e-01,1.116921305656433105e+00
1.377269268035888672e+00,6.636550426483154297e-01
2.830218374729156494e-01,1.064744710922241211e+00
2.115756988525390625e+00,1.044997930526733398e+00
1.455557465553283691e+00,1.240920901298522949e+00
9.510244131088256836e-01,1.466274738311767578e+00
1.550676465034484863e+00,1.637089967727661133e+00
7.662217020988464355e-01,9.618152976036071777e-01
4.590136706829071045e-01,6.093033552169799805e-01
8.406342864036560059e-01,9.472937583923339844e-01
5.149617195129394531e-01,8.183948397636413574e-01
6.798280477523803711e-01,1.370538473129272461e+00
8.490523099899291992e-01,2.958436310291290283e-02
4.852208197116851807e-01,1.381105899810791016e+00
7.665925621986389160e-01,1.180174350738525391e+00
1.462687969207763672e+00,1.378301024436950684e+00
1.075532317161560059e+00,-7.058886885643005371e-01
4.014535546302795410e-01,1.404222607612609863e+00
4.061425626277923584e-01,1.124530076980590820e+00
1.141778349876403809e+00,8.212103247642517090e-01
1.038696289062500000e+00,7.410843968391418457e-01
5.811141729354858398e-01,1.008579134941101074e+00
2.332305192947387695e+00,1.488983750343322754e+00
1.024428367614746094e+00,1.402421474456787109e+00
8.802394866943359375e-01,1.230097174644470215e+00
8.040186017751693726e-03,1.206773519515991211e+00
6.722818017005920410e-01,1.355482101440429688e+00
1.194912791252136230e+00,3.181878626346588135e-01
2.101084470748901367e+00,2.169475793838500977e+00
6.111301779747009277e-01,4.422988891601562500e-01
1.771614909172058105e+00,1.904014587402343750e+00
1.411376476287841797e+00,7.321113348007202148e-01
1.373970031738281250e+00,8.831621408462524414e-01
-2.922152876853942871e-01,1.046896815299987793e+00
2.233473300933837891e+00,2.412447452545166016e+00
2.473150014877319336e+00,2.317615985870361328e+00
2.572520494461059570e+00,2.306093215942382812e+00
1.673104882240295410e+00,2.268637418746948242e+00
1.599015712738037109e+00,1.262923240661621094e+00
2.283522844314575195e+00,1.561224460601806641e+00
1.997942328453063965e+00,2.418795585632324219e+00
2.012907266616821289e+00,2.506477832794189453e+00
2.311278343200683594e+00,1.774013280868530273e+00
1.896214842796325684e+00,2.027862310409545898e+00
2.915002107620239258e+00,2.384440183639526367e+00
3.261170864105224609e+00,1.736791014671325684e+00
1.974999547004699707e+00,1.292119979858398438e+00
2.213234186172485352e+00,1.566517949104309082e+00
1.527499914169311523e+00,2.146077632904052734e+00
2.155218839645385742e+00,2.520589590072631836e+00
2.042290925979614258e+00,2.608707189559936523e+00
2.255018949508666992e+00,2.180499315261840820e+00
1.529832959175109863e+00,1.910865187644958496e+00
1.830841898918151855e+00,2.564994335174560547e+00
2.232329368591308594e+00,1.783972978591918945e+00
1.483157634735107422e+00,2.313496112823486328e+00
2.481027841567993164e+00,2.060072183609008789e+00
2.838153839111328125e+00,2.267001867294311523e+00
1.090104103088378906e+00,1.470037102699279785e+00
2.824274778366088867e+00,2.000515222549438477e+00
1.658008217811584473e+00,2.402096986770629883e+00
2.297850370407104492e+00,2.458673000335693359e+00
1.880971074104309082e+00,1.648149847984313965e+00
2.234431982040405273e+00,2.593801498413085938e+00
2.580977439880371094e+00,1.566964626312255859e+00
1.742312669754028320e+00,2.103493452072143555e+00
2.152787446975708008e+00,1.948152184486389160e+00
2.556645631790161133e+00,1.023910880088806152e+00
1.227482080459594727e+00,2.046182394027709961e+00
2.807209253311157227e+00,2.158598899841308594e+00
2.172527551651000977e+00,2.748060703277587891e+00
1.895755648612976074e+00,1.732944726943969727e+00
2.772014856338500977e+00,1.961425423622131348e+00
1.473097324371337891e+00,2.099872827529907227e+00
2.802222967147827148e+00,1.457431435585021973e+00
2.234786748886108398e+00,2.852061748504638672e+00
3.154299497604370117e+00,1.674307584762573242e+00
2.072067022323608398e+00,2.117053270339965820e+00
2.175254344940185547e+00,2.262499332427978516e+00
1.874552607536315918e+00,1.974566817283630371e+00
2.266536951065063477e+00,3.115293979644775391e+00
1.796229600906372070e+00,1.713304042816162109e+00
3.080690622329711914e+00,1.564307808876037598e+00
2.544918298721313477e+00,2.856930732727050781e+00
8.216967582702636719e-01,1.736447930335998535e+00
2.880481243133544922e+00,1.063827276229858398e+00
2.136236429214477539e+00,1.478655576705932617e+00
3.059038877487182617e+00,1.568893074989318848e+00
2.416839122772216797e+00,1.901768684387207031e+00
2.653028011322021484e+00,1.830283284187316895e+00
9.524979591369628906e-01,1.418598651885986328e+00
2.437331438064575195e+00,2.341572046279907227e+00
2.480563640594482422e+00,1.765209674835205078e+00
1.853042960166931152e+00,2.019457340240478516e+00
2.848598718643188477e+00,2.045670270919799805e+00
2.406869888305664062e+00,2.526018857955932617e+00
1.768226385116577148e+00,1.846842288970947266e+00
2.746252059936523438e+00,1.746678471565246582e+00
2.907226324081420898e+00,1.637388348579406738e+00
1.634779691696166992e+00,2.184910774230957031e+00
1.922629237174987793e+00,1.684452533721923828e+00
1.507121205329895020e+00,1.530282735824584961e+00
1.518809795379638672e+00,2.813033103942871094e+00
1.790268778800964355e+00,2.092392444610595703e+00
1.678883433341979980e+00,2.264248132705688477e+00
2.132865428924560547e+00,1.571097731590270996e+00
2.323886156082153320e+00,1.343524932861328125e+00
2.046238899230957031e+00,2.502523183822631836e+00
1.943108320236206055e+00,2.247635364532470703e+00
1.825571298599243164e+00,1.631395816802978516e+00
1.810257315635681152e+00,1.506772637367248535e+00
1.888746500015258789e+00,1.534016966819763184e+00
2.462096452713012695e+00,2.547116756439208984e+00
1.694877505302429199e+00,1.531823277473449707e+00
1.648085713386535645e+00,2.012871980667114258e+00
2.349586725234985352e+00,8.879550099372863770e-01
2.068338394165039062e+00,2.210429906845092773e+00
2.095785856246948242e+00,2.281194686889648438e+00
2.120959997177124023e+00,2.447501897811889648e+00
2.487063884735107422e+00,2.187131166458129883e+00
1.886079311370849609e+00,1.575998067855834961e+00
2.267195701599121094e+00,1.653253674507141113e+00
3.068349123001098633e+00,2.368579864501953125e+00
2.430555820465087891e+00,2.688121080398559570e+00
1.573611736297607422e+00,2.339538097381591797e+00
2.527344703674316406e+00,2.851759195327758789e+00
1.619815349578857422e+00,1.904607534408569336e+00
1.251899600028991699e+00,9.586691260337829590e-01
2.899183511734008789e+00,1.549205780029296875e+00
2.066842794418334961e+00,2.019810199737548828e+00
2.761509180068969727e+00,2.060213565826416016e+00
1.341740727424621582e+00,1.260547637939453125e+00
1.290784358978271484e+00,2.544786453247070312e+00
2.397930622100830078e+00,1.576570272445678711e+00
1.666611433029174805e+00,2.212586164474487305e+00
2.721998453140258789e+00,2.736506223678588867e+00
2.070374727249145508e+00,2.251779317855834961e+00
2.687077522277832031e+00,2.478195667266845703e+00
2.546143531799316406e+00,2.120879173278808594e+00
1.829620838165283203e+00,1.596542000770568848e+00
2.027786016464233398e+00,2.596766948699951172e+00
1.466391205787658691e+00,2.374363660812377930e+00
2.146379232406616211e+00,2.875091552734375000e+00
3.084198951721191406e+00,1.957095265388488770e+00
7.132736444473266602e-01,2.153417110443115234e+00
1.906191468238830566e+00,2.432974815368652344e+00
1.556063652038574219e+00,2.476975440979003906e+00
2.238647460937500000e+00,2.235397577285766602e+00
2.588754653930664062e+00,1.798779606819152832e+00
3.110748052597045898e+00,1.067389488220214844e+00
2.266363382339477539e+00,2.116672754287719727e+00
1.882086873054504395e+00,2.837988615036010742e+00
1.398654222488403320e+00,2.240429639816284180e+00
1.737292170524597168e+00,1.595221519470214844e+00
2.246052503585815430e+00,2.702878713607788086e+00
2.032583951950073242e+00,1.765390753746032715e+00
2.647445201873779297e+00,2.435895919799804688e+00
1.166609764099121094e+00,2.515409946441650391e+00
1.825688719749450684e+00,1.944005966186523438e+00
1.775550246238708496e+00,3.010001182556152344e+00
2.470927476882934570e+00,2.233346223831176758e+00
2.048782587051391602e+00,1.121114850044250488e+00
1.391369938850402832e+00,1.666275382041931152e+00
1.328246831893920898e+00,2.278065204620361328e+00
1.817083954811096191e+00,1.816007375717163086e+00
2.157648801803588867e+00,1.423614144325256348e+00
2.516109466552734375e+00,2.076490402221679688e+00
2.960142850875854492e+00,1.631080865859985352e+00
2.515311002731323242e+00,1.890282750129699707e+00
3.325097799301147461e+00,2.237308502197265625e+00
1.738715410232543945e+00,1.763107776641845703e+00
2.787871360778808594e+00,2.015103101730346680e+00
3.029754400253295898e+00,2.040683269500732422e+00
2.430227041244506836e+00,1.851111173629760742e+00
1.552695751190185547e+00,2.273668766021728516e+00
3.277000188827514648e+00,2.286818265914916992e+00
2.435674905776977539e+00,1.512005805969238281e+00
2.021968126296997070e+00,1.933130264282226562e+00
1.969458580017089844e+00,2.024763584136962891e+00
1.604722499847412109e+00,2.179439067840576172e+00
1.901067137718200684e+00,2.157021045684814453e+00
2.359680652618408203e+00,1.538510560989379883e+00
1.374727129936218262e+00,2.256781816482543945e+00
2.898892641067504883e+00,1.402470231056213379e+00
2.076383829116821289e+00,1.704600930213928223e+00
2.280420541763305664e+00,1.985737919807434082e+00
3.101774454116821289e+00,2.291106700897216797e+00
2.092880725860595703e+00,1.836804747581481934e+00
1.907844781875610352e+00,1.626599192619323730e+00
2.715081214904785156e+00,1.623294234275817871e+00
2.334420442581176758e+00,1.622408270835876465e+00
1.781116843223571777e+00,1.533934831619262695e+00
1.431332230567932129e+00,1.485488057136535645e+00
2.409992694854736328e+00,2.625543832778930664e+00
2.087039232254028320e+00,2.025710344314575195e+00
1.288625478744506836e+00,2.138756513595581055e+00
1.916816234588623047e+00,1.904216647148132324e+00
1.777276635169982910e+00,1.522333025932312012e+00
1.334747672080993652e+00,2.088407516479492188e+00
2.377513170242309570e+00,1.937471985816955566e+00
1.455300807952880859e+00,1.408416271209716797e+00
2.083397865295410156e+00,1.803199648857116699e+00
2.300854444503784180e+00,1.666281938552856445e+00
2.060585021972656250e+00,1.740353703498840332e+00
2.212769746780395508e+00,2.157512903213500977e+00
2.219517469406127930e+00,2.285715579986572266e+00
2.979155778884887695e+00,1.860136389732360840e+00
1.243309259414672852e+00,1.402392268180847168e+00
2.272599458694458008e+00,1.359740376472473145e+00
2.231179952621459961e+00,1.649286866188049316e+00
2.370143890380859375e+00,2.114879369735717773e+00
1.868469834327697754e+00,1.964063286781311035e+00
2.171985149383544922e+00,2.344218969345092773e+00
2.542671680450439453e+00,1.954786658287048340e+00
1.135812520980834961e+00,2.506165027618408203e+00
2.663341760635375977e+00,1.659761905670166016e+00
2.231273889541625977e+00,1.875601291656494141e+00
1.675274252891540527e+00,2.249001741409301758e+00
2.472434043884277344e+00,1.236781954765319824e+00
1.571506261825561523e+00,8.188185691833496094e-01
2.103359937667846680e+00,9.735091328620910645e-01
1.886792659759521484e+00,2.201540946960449219e+00
2.651329278945922852e+00,1.437033176422119141e+00
2.531516790390014648e+00,2.692936182022094727e+00
1.665700078010559082e+00,2.403174638748168945e+00
1.619079232215881348e+00,2.789324998855590820e+00
2.019417524337768555e+00,2.262034177780151367e+00
1.793158411979675293e+00,2.081279754638671875e+00
2.527673721313476562e+00,2.398989915847778320e+00
2.022564649581909180e+00,2.581993341445922852e+00
1.768199563026428223e+00,2.691172599792480469e+00
2.164492607116699219e+00,1.190266847610473633e+00
2.456470727920532227e+00,2.080775737762451172e+00
2.395327568054199219e+00,1.915194034576416016e+00
3.452495098114013672e+00,1.438306093215942383e+00
3.895195484161376953e+00,6.763883233070373535e-01
3.799675703048706055e+00,1.332132816314697266e+00
3.048364639282226562e+00,-1.088279113173484802e-01
3.240593194961547852e+00,8.836148977279663086e-01
3.050513505935668945e+00,1.651840806007385254e+00
3.515987873077392578e+00,1.122574806213378906e+00
2.713551759719848633e+00,6.264373660087585449e-01
4.129989147186279297e+00,1.855104565620422363e+00
3.697520017623901367e+00,8.855384588241577148e-01
3.449076175689697266e+00,1.214331030845642090e+00
2.672894477844238281e+00,1.078637719154357910e+00
3.649685621261596680e+00,-3.211962431669235229e-02
2.928634643554687500e+00,6.633769869804382324e-01
4.293848037719726562e+00,1.122687339782714844e+00
3.667563915252685547e+00,9.344399571418762207e-01
4.129518508911132812e+00,1.234975695610046387e+00
3.894581317901611328e+00,1.551129460334777832e+00
2.921486854553222656e+00,8.111327886581420898e-01
3.380000829696655273e+00,8.883591890335083008e-01
3.508674860000610352e+00,1.053440093994140625e+00
4.117312908172607422e+00,3.258872330188751221e-01
3.435943603515625000e+00,9.802368879318237305e-01
2.379470348358154297e+00,2.473584115505218506e-01
2.522317886352539062e+00,1.370634794235229492e+00
3.043176651000976562e+00,1.574732065200805664e+00
4.193096637725830078e+00,1.569964408874511719e+00
2.082234144210815430e+00,1.625066757202148438e+00
3.186035394668579102e+00,9.090885519981384277e-01
3.490348577499389648e+00,5.318399667739868164e-01
3.029836893081665039e+00,1.201864480972290039e+00
3.305225133895874023e+00,6.928082108497619629e-01
3.544597625732421875e+00,4.463331699371337891e-01
2.978966712951660156e+00,4.160928428173065186e-01
3.464231491088867188e+00,2.009911298751831055e+00
3.861491441726684570e+00,6.565343141555786133e-01
3.351501703262329102e+00,3.737844228744506836e-01
3.271260499954223633e+00,1.061151623725891113e+00
4.092641830444335938e+00,1.106114983558654785e+00
3.368602275848388672e+00,1.328118324279785156e+00
3.728623628616333008e+00,1.968019157648086548e-01
3.095384120941162109e+00,7.826175093650817871e-01
3.893877983093261719e+00,1.673612594604492188e+00
2.824405193328857422e+00,7.815724015235900879e-01
3.166818141937255859e+00,9.121587872505187988e-01
2.860688209533691406e+00,1.162696838378906250e+00
2.554069519042968750e+00,1.135523200035095215e+00
3.348083972930908203e+00,7.033615112304687500e-01
2.818598747253417969e+00,1.591379523277282715e+00
2.903943538665771484e+00,2.210592746734619141e+00
3.165905952453613281e+00,1.331122756004333496e+00
2.952606201171875000e+00,1.520509719848632812e+00
3.584236383438110352e+00,1.151190519332885742e+00
3.190800666809082031e+00,9.997935891151428223e-01
3.590140819549560547e+00,1.764118075370788574e-01
3.926102161407470703e+00,1.380688905715942383e+00
4.441619873046875000e+00,1.445472240447998047e+00
4.197955608367919922e+00,4.812609553337097168e-01
3.769633054733276367e+00,8.421792984008789062e-01
3.682463645935058594e+00,1.359400987625122070e+00
4.099430561065673828e+00,3.085752725601196289e-01
3.743173837661743164e+00,6.513076424598693848e-01
2.732572317123413086e+00,7.940382957458496094e-01
3.995394945144653320e+00,1.188230633735656738e+00
3.503399133682250977e+00,1.248080730438232422e+00
3.527996778488159180e+00,1.731196403503417969e+00
3.985558032989501953e+00,1.088506460189819336e+00
3.014420270919799805e+00,1.064646244049072266e+00
2.476784944534301758e+00,1.555832624435424805e+00
3.280728578567504883e+00,1.071378707885742188e+00
3.181835651397705078e+00,1.081180095672607422e+00
3.239177942276000977e+00,3.647171258926391602e-01
3.486066579818725586e+00,6.239508390426635742e-01
3.002692222595214844e+00,1.366800785064697266e+00
2.864360570907592773e+00,1.458390831947326660e+00
4.210295677185058594e+00,1.385184645652770996e+00
3.634540557861328125e+00,1.575292229652404785e+00
3.311453580856323242e+00,8.454728126525878906e-01
3.916398048400878906e+00,1.859676480293273926e+00
2.860320329666137695e+00,2.776117622852325439e-01
3.359821081161499023e+00,9.596161842346191406e-01
2.414838075637817383e+00,1.356729745864868164e+00
2.872081518173217773e+00,5.570206046104431152e-01
2.557667493820190430e+00,1.948115468025207520e+00
2.972276926040649414e+00,2.018846511840820312e+00
3.213145017623901367e+00,1.362014889717102051e+00
3.428678750991821289e+00,5.580148100852966309e-01
3.831882238388061523e+00,1.079376578330993652e+00
3.481009721755981445e+00,4.064966738224029541e-01
3.907020092010498047e+00,6.194608807563781738e-01
3.166361570358276367e+00,1.017556309700012207e+00
4.135416507720947266e+00,1.462856173515319824e+00
3.493612527847290039e+00,6.565138697624206543e-01
3.338247060775756836e+00,1.102165937423706055e+00
2.425087213516235352e+00,1.045311093330383301e+00
3.914832115173339844e+00,1.199156403541564941e+00
2.979861974716186523e+00,2.539424896240234375e+00
3.468903303146362305e+00,9.496146440505981445e-01
3.707027435302734375e+00,4.192561507225036621e-01
3.869739770889282227e+00,3.491236865520477295e-01
3.791634321212768555e+00,9.142121300101280212e-03
3.386947631835937500e+00,1.394486188888549805e+00
4.094934940338134766e+00,1.812627673149108887e+00
3.837233304977416992e+00,5.021393895149230957e-01
2.557261466979980469e+00,1.987893104553222656e+00
3.059467554092407227e+00,7.761520743370056152e-01
3.856683015823364258e+00,3.689467608928680420e-01
2.904243946075439453e+00,1.382374405860900879e+00
3.423382997512817383e+00,1.815854430198669434e+00
3.779044866561889648e+00,1.163085222244262695e+00
3.918642997741699219e+00,8.963355422019958496e-01
3.682116746902465820e+00,9.699470996856689453e-01
3.931516885757446289e+00,6.248301267623901367e-01
3.821736812591552734e+00,1.634925007820129395e+00
4.302405834197998047e+00,1.079238176345825195e+00
3.087100028991699219e+00,1.170196413993835449e+00
3.328392982482910156e+00,1.659484982490539551e+00
3.785558700561523438e+00,9.371780157089233398e-01
3.321831941604614258e+00,8.075926899909973145e-01
3.404285430908203125e+00,6.685854792594909668e-01
3.148005723953247070e+00,1.522527813911437988e+00
3.131802558898925781e+00,1.196529746055603027e+00
3.341505289077758789e+00,1.469742417335510254e+00
3.137639522552490234e+00,1.356472611427307129e+00
4.238280773162841797e+00,1.309561252593994141e+00
3.376353979110717773e+00,1.478781938552856445e+00
3.634056091308593750e+00,1.101532816886901855e+00
3.191411733627319336e+00,1.381123423576354980e+00
3.213435173034667969e+00,1.375369548797607422e+00
3.413472652435302734e+00,7.561690807342529297e-01
3.086887598037719727e+00,1.571941852569580078e+00
2.549772739410400391e+00,1.834376096725463867e+00
3.383992671966552734e+00,1.596469879150390625e+00
3.746341466903686523e+00,4.911405146121978760e-01
3.047579050064086914e+00,4.817927479743957520e-01
2.823577880859375000e+00,1.215757489204406738e+00
3.683081626892089844e+00,1.438381075859069824e+00
2.474135160446166992e+00,9.273533821105957031e-01
2.980365753173828125e+00,1.469312310218811035e+00
3.236200571060180664e+00,7.065012454986572266e-01
4.175270557403564453e+00,3.560754954814910889e-01
3.207297086715698242e+00,1.349519014358520508e+00
2.818953990936279297e+00,1.040773034095764160e+00
2.916415929794311523e+00,-1.464886707253754139e-03
3.327739238739013672e+00,1.013797163963317871e+00
3.630142211914062500e+00,9.002252221107482910e-01
3.012643575668334961e+00,1.482604265213012695e+00
3.300659656524658203e+00,6.725313663482666016e-01
4.212417125701904297e+00,1.128327488899230957e+00
3.980760812759399414e+00,9.165418744087219238e-01
3.442714929580688477e+00,7.669151425361633301e-01
3.136497974395751953e+00,6.336308717727661133e-01
3.416267633438110352e+00,8.453841209411621094e-01
3.988061189651489258e+00,1.772326678037643433e-01
3.098295450210571289e+00,1.043601036071777344e+00
3.518848180770874023e+00,1.092643380165100098e+00
3.708484888076782227e+00,1.497447013854980469e+00
3.266894340515136719e+00,6.847862005233764648e-01
3.067590475082397461e+00,9.731115102767944336e-01
3.985689878463745117e+00,1.339283347129821777e+00
3.950837135314941406e+00,1.054837346076965332e+00
3.376016855239868164e+00,1.035740971565246582e+00
3.728693962097167969e+00,6.467127799987792969e-01
3.438107728958129883e+00,1.950645804405212402e+00
3.051999092102050781e+00,1.504252076148986816e+00
3.058575391769409180e+00,7.828509211540222168e-01
3.523601531982421875e+00,2.379334688186645508e+00
3.407011985778808594e+00,5.946971774101257324e-01
3.568068981170654297e+00,6.522905230522155762e-01
3.951651573181152344e+00,1.846471905708312988e+00
3.259427309036254883e+00,8.007615804672241211e-01
2.362748146057128906e+00,8.497220277786254883e-01
2.232185125350952148e+00,4.131780266761779785e-01
3.597192287445068359e+00,1.913538813591003418e+00
3.500768899917602539e+00,8.230745196342468262e-01
3.087155818939208984e+00,9.468341469764709473e-01
3.106629371643066406e+00,5.908488631248474121e-01
4.099985599517822266e+00,1.506670355796813965e+00
3.446805715560913086e+00,6.286844611167907715e-01
3.143622159957885742e+00,1.214375495910644531e+00
3.923054695129394531e+00,1.179940104484558105e+00
3.118651628494262695e+00,1.443768858909606934e+00
2.982302188873291016e+00,7.477471828460693359e-01
2.780183076858520508e+00,6.589986085891723633e-01
4.140106678009033203e+00,2.343034557998180389e-02
4.094758033752441406e+00,1.021966814994812012e+00
4.766913414001464844e+00,1.189885497093200684e+00
2.835815668106079102e+00,1.071702599525451660e+00
2.944781780242919922e+00,9.443641304969787598e-01
3.196930885314941406e+00,4.866555631160736084e-01
3.374508619308471680e+00,9.139903187751770020e-01
3.609330177307128906e+00,1.505854249000549316e+00
3.089476108551025391e+00,7.088185548782348633e-01
3.359240055084228516e+00,1.207037806510925293e+00
3.391388416290283203e+00,1.034461110830307007e-01
2.831094026565551758e+00,9.095135927200317383e-01
2.978688716888427734e+00,3.982693254947662354e-01
3.169153690338134766e+00,1.103406772017478943e-01
3.767632007598876953e+00,5.254270434379577637e-01
4.025674343109130859e+00,1.227104425430297852e+00
4.048397064208984375e+00,2.183004140853881836e+00
5.724087715148925781e+00,3.156738042831420898e+00
4.959869861602783203e+00,2.037102937698364258e+00
5.202355384826660156e+00,2.489554405212402344e+00
4.257163524627685547e+00,1.410940051078796387e+00
4.987967967987060547e+00,2.435378074645996094e+00
4.467489719390869141e+00,3.140153408050537109e+00
3.936120033264160156e+00,1.537039637565612793e+00
3.772296667098999023e+00,2.693018436431884766e+00
4.190008163452148438e+00,1.812010407447814941e+00
4.439574718475341797e+00,2.262719392776489258e+00
4.569741725921630859e+00,1.434886217117309570e+00
4.960371494293212891e+00,1.881444573402404785e+00
3.758702754974365234e+00,1.469926238059997559e+00
4.101080417633056641e+00,2.770271778106689453e+00
4.253856182098388672e+00,2.294538497924804688e+00
4.911833286285400391e+00,3.014580965042114258e+00
4.226844310760498047e+00,2.022311210632324219e+00
4.736466884613037109e+00,1.828272342681884766e+00
4.581350326538085938e+00,1.377330183982849121e+00
4.119827270507812500e+00,2.452572822570800781e+00
4.822874546051025391e+00,1.906519770622253418e+00
4.635161876678466797e+00,1.650573492050170898e+00
4.379425525665283203e+00,1.940012574195861816e+00
5.328552246093750000e+00,1.670087099075317383e+00
4.434999942779541016e+00,2.863897323608398438e+00
5.348873138427734375e+00,1.432348370552062988e+00
4.860022544860839844e+00,2.433320283889770508e+00
4.629224300384521484e+00,1.849668622016906738e+00
5.148330211639404297e+00,1.916962027549743652e+00
3.959572792053222656e+00,2.331886053085327148e+00
3.744037628173828125e+00,2.425239086151123047e+00
4.346655368804931641e+00,1.973397612571716309e+00
4.823317050933837891e+00,1.960632920265197754e+00
5.473692417144775391e+00,2.197474241256713867e+00
5.334026336669921875e+00,1.948018074035644531e+00
4.204562664031982422e+00,2.062438488006591797e+00
4.150132179260253906e+00,2.694968700408935547e+00
5.259525775909423828e+00,1.752989411354064941e+00
3.702560663223266602e+00,2.554793834686279297e+00
4.329877853393554688e+00,1.716121792793273926e+00
5.268635749816894531e+00,2.202169656753540039e+00
3.962793350219726562e+00,2.007620573043823242e+00
3.579311132431030273e+00,1.646521091461181641e+00
4.555147171020507812e+00,1.746372938156127930e+00
4.472926616668701172e+00,1.496704697608947754e+00
5.170191764831542969e+00,2.840876340866088867e+00
4.344487190246582031e+00,1.571521639823913574e+00
5.078669071197509766e+00,2.059561967849731445e+00
4.751973152160644531e+00,2.030244112014770508e+00
4.288928508758544922e+00,1.598412513732910156e+00
4.792238712310791016e+00,9.114328026771545410e-01
5.480921745300292969e+00,2.874922990798950195e+00
4.024736404418945312e+00,1.829376816749572754e+00
4.163876533508300781e+00,2.053765058517456055e+00
4.136134147644042969e+00,1.162316322326660156e+00
5.105581283569335938e+00,1.357083082199096680e+00
4.392166614532470703e+00,2.084787130355834961e+00
4.346992015838623047e+00,1.303579568862915039e+00
5.052019596099853516e+00,1.920777916908264160e+00
4.392137527465820312e+00,1.958750247955322266e+00
4.306579589843750000e+00,2.114454984664916992e+00
4.546277999877929688e+00,1.975394129753112793e+00
5.579232215881347656e+00,1.826306104660034180e+00
4.519361495971679688e+00,1.787551045417785645e+00
4.409296035766601562e+00,1.561000943183898926e+00
4.529725074768066406e+00,1.801425218582153320e+00
5.126168251037597656e+00,2.690842151641845703e+00
4.873980998992919922e+00,3.183161973953247070e+00
4.519489765167236328e+00,1.729156494140625000e+00
5.127075672149658203e+00,6.218311190605163574e-01
5.143177509307861328e+00,2.098587512969970703e+00
4.918710231781005859e+00,1.564195036888122559e+00
5.210230350494384766e+00,2.308335542678833008e+00
4.881551265716552734e+00,2.629258871078491211e+00
5.454792499542236328e+00,1.831420779228210449e+00
4.983105659484863281e+00,1.876250743865966797e+00
3.901819229125976562e+00,1.211754322052001953e+00
4.391551017761230469e+00,2.301414012908935547e+00
4.482848644256591797e+00,2.079740047454833984e+00
5.187633991241455078e+00,2.503477811813354492e+00
5.313374996185302734e+00,1.283338665962219238e+00
4.747525215148925781e+00,2.161765813827514648e+00
5.263786792755126953e+00,2.509566783905029297e+00
4.252632141113281250e+00,2.179704666137695312e+00
4.704950809478759766e+00,1.835169672966003418e+00
4.440285682678222656e+00,1.999030947685241699e+00
4.624604225158691406e+00,1.525193810462951660e+00
4.538022041320800781e+00,2.580182075500488281e+00
5.016363143920898438e+00,1.447052121162414551e+00
4.819530010223388672e+00,2.397221565246582031e+00
4.435535907745361328e+00,1.733218908309936523e+00
4.140189647674560547e+00,2.199333906173706055e+00
4.846348762512207031e+00,2.039161205291748047e+00
4.235432147979736328e+00,8.104078769683837891e-01
4.753548622131347656e+00,2.160724163055419922e+00
4.111729621887207031e+00,1.831924319267272949e+00
4.659758090972900391e+00,2.090332984924316406e+00
4.590458393096923828e+00,1.469200491905212402e+00
4.271336078643798828e+00,2.158178091049194336e+00
5.090030670166015625e+00,3.165064096450805664e+00
4.948248386383056641e+00,2.355556249618530273e+00
4.112829685211181641e+00,1.642227888107299805e+00
5.337597370147705078e+00,1.529595494270324707e+00
5.139381885528564453e+00,2.521038770675659180e+00
5.437164783477783203e+00,1.888520717620849609e+00
4.467297554016113281e+00,1.679112076759338379e+00
4.848070621490478516e+00,1.229383468627929688e+00
4.889139652252197266e+00,2.027892589569091797e+00
3.991867542266845703e+00,1.557293772697448730e+00
4.774657249450683594e+00,1.219830274581909180e+00
5.181572437286376953e+00,1.738876104354858398e+00
4.265359401702880859e+00,1.347384810447692871e+00
3.894367933273315430e+00,2.441290378570556641e+00
5.673494338989257812e+00,1.709379315376281738e+00
4.875472068786621094e+00,2.146637439727783203e+00
5.118162631988525391e+00,2.006523132324218750e+00
5.427628993988037109e+00,1.676998138427734375e+00
4.836619853973388672e+00,2.524225711822509766e+00
4.003720760345458984e+00,1.763339519500732422e+00
4.797069072723388672e+00,2.189220905303955078e+00
4.745502471923828125e+00,1.629337787628173828e+00
5.070308685302734375e+00,2.462825298309326172e+00
4.002343177795410156e+00,2.213196039199829102e+00
4.107213497161865234e+00,2.992714881896972656e+00
4.700507164001464844e+00,2.003547430038452148e+00
4.917783260345458984e+00,2.159414529800415039e+00
5.008044242858886719e+00,2.301079750061035156e+00
4.719010829925537109e+00,1.833015322685241699e+00
5.683567047119140625e+00,2.622205257415771484e+00
5.818065166473388672e+00,2.580407857894897461e+00
5.239408969879150391e+00,1.085211753845214844e+00
4.927937030792236328e+00,2.381927967071533203e+00
4.620272636413574219e+00,2.674143075942993164e+00
4.615451335906982422e+00,2.904818058013916016e+00
4.372543811798095703e+00,2.797281980514526367e+00
4.724408626556396484e+00,1.378163337707519531e+00
5.317586421966552734e+00,2.154703140258789062e+00
5.191990375518798828e+00,2.263278961181640625e+00
4.521650791168212891e+00,2.207725048065185547e+00
4.592498779296875000e+00,2.095368862152099609e+00
4.236987113952636719e+00,9.549075961112976074e-01
5.153679370880126953e+00,2.831674814224243164e+00
4.480825901031494141e+00,1.649472594261169434e+00
4.773530006408691406e+00,1.365113854408264160e+00
4.899276256561279297e+00,2.046375274658203125e+00
5.838752746582031250e+00,1.619457364082336426e+00
4.799393177032470703e+00,1.656471490859985352e+00
4.798855304718017578e+00,2.920588254928588867e+00
4.208388805389404297e+00,3.160317420959472656e+00
4.081281185150146484e+00,1.768908262252807617e+00
3.745890378952026367e+00,1.699609756469726562e+00
5.033645629882812500e+00,1.400651574134826660e+00
4.411020755767822266e+00,2.777405738830566406e+00
4.711227893829345703e+00,1.034370303153991699e+00
5.595754623413085938e+00,2.266278028488159180e+00
4.737898826599121094e+00,2.883497714996337891e+00
5.420305252075195312e+00,1.683280110359191895e+00
4.949499607086181641e+00,1.611281394958496094e+00
3.891745805740356445e+00,2.420031785964965820e+00
4.192450523376464844e+00,2.527327299118041992e+00
4.780392646789550781e+00,2.156049251556396484e+00
4.573849678039550781e+00,1.832833409309387207e+00
4.284856319427490234e+00,1.400598287582397461e+00
3.985006093978881836e+00,2.551006555557250977e+00
4.581174373626708984e+00,2.192120552062988281e+00
4.964807033538818359e+00,1.284599781036376953e+00
5.672305107116699219e+00,1.720761656761169434e+00
4.260091781616210938e+00,1.651018977165222168e+00
5.450589656829833984e+00,1.841101884841918945e+00
4.935620784759521484e+00,1.885372638702392578e+00
4.283270835876464844e+00,2.576619148254394531e+00
5.371098041534423828e+00,1.659909963607788086e+00
5.121056556701660156e+00,2.415234088897705078e+00
3.892454385757446289e+00,1.904543042182922363e+00
3.865187168121337891e+00,1.766742110252380371e+00
5.193349838256835938e+00,2.063645839691162109e+00
4.891891002655029297e+00,1.529904723167419434e+00
4.607633590698242188e+00,1.684705138206481934e+00
4.611675262451171875e+00,1.305745601654052734e+00
4.471896648406982422e+00,1.521059036254882812e+00
4.315330982208251953e+00,1.005035519599914551e+00
4.490227699279785156e+00,2.257805347442626953e+00
4.803469181060791016e+00,1.256501197814941406e+00
3.812181234359741211e+00,1.903749465942382812e+00
4.719669818878173828e+00,1.783165454864501953e+00
5.362152576446533203e+00,1.914770960807800293e+00
5.267384529113769531e+00,1.297394037246704102e+00
5.104403495788574219e+00,2.940501928329467773e+00
4.380617141723632812e+00,2.054682016372680664e+00
4.928191661834716797e+00,2.202921390533447266e+00
4.813921928405761719e+00,3.131483078002929688e+00
4.902448177337646484e+00,1.965808153152465820e+00
4.906929492950439453e+00,1.975926518440246582e+00
3.981687068939208984e+00,1.328593611717224121e+00
4.184900283813476562e+00,2.339538574218750000e+00
4.740181922912597656e+00,1.265191674232482910e+00
3.898655414581298828e+00,2.411484718322753906e+00
4.816226959228515625e+00,3.164676666259765625e+00
3.984515666961669922e+00,2.060781240463256836e+00
6.447336196899414062e+00,9.622727036476135254e-01
6.035527229309082031e+00,1.052382349967956543e+00
5.799154758453369141e+00,9.355154633522033691e-01
6.003056049346923828e+00,7.679792046546936035e-01
5.146508693695068359e+00,1.900158524513244629e-01
5.038856983184814453e+00,1.889880061149597168e+00
5.834275722503662109e+00,6.763661503791809082e-01
6.092485427856445312e+00,1.774136185646057129e+00
6.052407741546630859e+00,1.670476317405700684e+00
5.888044357299804688e+00,1.822395324707031250e+00
5.653251171112060547e+00,3.712037205696105957e-01
5.521547794342041016e+00,3.445839583873748779e-01
5.088461875915527344e+00,5.146631598472595215e-01
5.346568584442138672e+00,3.910168409347534180e-01
4.954484462738037109e+00,1.440025806427001953e+00
6.023801326751708984e+00,1.552979230880737305e+00
5.549596786499023438e+00,1.813645720481872559e+00
5.244754314422607422e+00,5.507866740226745605e-01
5.747492790222167969e+00,1.004291296005249023e+00
5.969859123229980469e+00,1.649463176727294922e+00
5.449087619781494141e+00,1.655614614486694336e+00
5.386380672454833984e+00,4.627499878406524658e-01
4.937535285949707031e+00,7.702748179435729980e-01
5.993028163909912109e+00,1.106218576431274414e+00
6.454551696777343750e+00,1.472805619239807129e+00
5.573034286499023438e+00,8.837984204292297363e-01
5.376561164855957031e+00,1.358988046646118164e+00
5.945805549621582031e+00,1.259060978889465332e+00
5.822078227996826172e+00,8.637413978576660156e-01
6.268348693847656250e+00,1.360947012901306152e+00
5.800773143768310547e+00,4.462363719940185547e-01
5.993528366088867188e+00,1.076486945152282715e+00
5.904624938964843750e+00,9.793220162391662598e-01
7.351321697235107422e+00,1.518433332443237305e+00
6.009420871734619141e+00,1.270934700965881348e+00
6.359498023986816406e+00,1.157069087028503418e+00
6.035962104797363281e+00,1.013552308082580566e+00
6.106811523437500000e+00,9.632282257080078125e-01
6.069654941558837891e+00,5.559110045433044434e-01
6.558530330657958984e+00,1.773795008659362793e+00
4.931805133819580078e+00,8.741044402122497559e-01
5.696574687957763672e+00,1.137162685394287109e+00
6.253709316253662109e+00,1.382258892059326172e+00
6.115029811859130859e+00,7.131131887435913086e-01
6.031802654266357422e+00,1.888519644737243652e+00
6.290889739990234375e+00,9.456820487976074219e-01
5.872772693634033203e+00,1.388813734054565430e+00
5.918268203735351562e+00,4.798516929149627686e-01
6.504774093627929688e+00,5.385770201683044434e-01
5.524959087371826172e+00,1.524429559707641602e+00
6.152021408081054688e+00,1.705959439277648926e+00
4.933522701263427734e+00,1.567049860954284668e+00
6.810796737670898438e+00,9.335872530937194824e-01
6.066765785217285156e+00,9.164270758628845215e-01
5.193320751190185547e+00,4.848757088184356689e-01
6.302161216735839844e+00,1.503504216670989990e-01
6.051424503326416016e+00,1.665927171707153320e+00
5.091320514678955078e+00,1.530960679054260254e+00
6.031946182250976562e+00,1.350714206695556641e+00
6.279505252838134766e+00,1.164332866668701172e+00
5.920728206634521484e+00,4.718305170536041260e-01
6.053766727447509766e+00,1.314310729503631592e-01
6.495877265930175781e+00,1.446952342987060547e+00
6.319445133209228516e+00,1.695150732994079590e+00
5.431391716003417969e+00,1.233736157417297363e+00
5.694906234741210938e+00,7.193698883056640625e-01
6.367156028747558594e+00,8.474512100219726562e-01
6.473259449005126953e+00,9.777901172637939453e-01
6.051486968994140625e+00,-3.269517421722412109e-01
5.625138759613037109e+00,1.529917001724243164e+00
6.060039997100830078e+00,1.106120705604553223e+00
6.871805667877197266e+00,1.846578001976013184e+00
5.537770748138427734e+00,1.173109173774719238e+00
5.937227249145507812e+00,7.500426173210144043e-01
5.919939041137695312e+00,3.996704220771789551e-01
6.499516963958740234e+00,2.276523709297180176e-01
5.353114128112792969e+00,3.852531313896179199e-01
5.126430034637451172e+00,6.986754536628723145e-01
5.841157436370849609e+00,1.081091046333312988e+00
6.242187023162841797e+00,5.050032734870910645e-01
6.020383358001708984e+00,1.538809984922409058e-01
5.370544433593750000e+00,3.913504183292388916e-01
5.633118152618408203e+00,-1.843359172344207764e-01
6.371652126312255859e+00,9.788316488265991211e-02
5.956527233123779297e+00,9.038617014884948730e-01
6.391030788421630859e+00,9.405405521392822266e-01
6.353104591369628906e+00,1.492921113967895508e+00
5.993233203887939453e+00,1.232048988342285156e+00
5.618319988250732422e+00,4.662788808345794678e-01
5.121621131896972656e+00,6.657236814498901367e-01
5.327423572540283203e+00,9.822446703910827637e-01
6.531292438507080078e+00,1.462241530418395996e+00
5.135828018188476562e+00,9.739302992820739746e-01
6.330385208129882812e+00,1.086745619773864746e+00
5.114366531372070312e+00,7.435559630393981934e-01
5.828512668609619141e+00,5.220689773559570312e-01
5.324010372161865234e+00,2.341925859451293945e+00
5.494060993194580078e+00,7.010610699653625488e-01
4.965325832366943359e+00,1.168482303619384766e+00
4.941614627838134766e+00,1.221354842185974121e+00
5.859074592590332031e+00,5.413458943367004395e-01
6.329083442687988281e+00,8.494132757186889648e-02
5.851408004760742188e+00,1.085806131362915039e+00
5.864124298095703125e+00,9.868723750114440918e-01
5.152600765228271484e+00,8.001535534858703613e-01
5.659235954284667969e+00,9.334537982940673828e-01
5.841158866882324219e+00,1.117027044296264648e+00
4.714040756225585938e+00,1.006486535072326660e+00
5.092939853668212891e+00,7.876126170158386230e-01
6.056782722473144531e+00,5.274702310562133789e-01
6.341719627380371094e+00,1.573531627655029297e+00
5.875545024871826172e+00,1.793133974075317383e+00
5.398803234100341797e+00,4.818175137042999268e-01
5.704402446746826172e+00,1.610035061836242676e+00
5.660123348236083984e+00,9.031897187232971191e-01
5.060059547424316406e+00,6.657338142395019531e-01
5.679148674011230469e+00,1.080121994018554688e+00
5.806661128997802734e+00,2.846333086490631104e-01
6.015211105346679688e+00,1.769153714179992676e+00
5.616670131683349609e+00,1.212339162826538086e+00
5.621463775634765625e+00,2.092900037765502930e+00
7.000626087188720703e+00,4.541141092777252197e-01
6.236523628234863281e+00,3.843223154544830322e-01
5.946509361267089844e+00,9.665687084197998047e-01
6.179698944091796875e+00,5.962344408035278320e-01
6.081737995147705078e+00,1.351951062679290771e-01
6.358870506286621094e+00,1.235344171524047852e+00
5.319993495941162109e+00,1.564046144485473633e+00
6.062943935394287109e+00,1.470308065414428711e+00
5.739076137542724609e+00,1.800231933593750000e+00
5.922197341918945312e+00,1.982410907745361328e+00
4.901999950408935547e+00,7.165333628654479980e-01
5.276048660278320312e+00,8.010213971138000488e-01
5.760286808013916016e+00,5.807069540023803711e-01
5.262429237365722656e+00,1.822662949562072754e+00
5.368142604827880859e+00,1.441963911056518555e+00
6.571314811706542969e+00,-1.018342673778533936e-01
5.861028194427490234e+00,8.965635895729064941e-01
6.660033226013183594e+00,-8.849538862705230713e-02
6.091667175292968750e+00,8.550212979316711426e-01
6.106352329254150391e+00,1.775703191757202148e+00
6.255130767822265625e+00,1.681698203086853027e+00
6.906477451324462891e+00,1.180912017822265625e+00
5.141382694244384766e+00,1.481131553649902344e+00
5.619513988494873047e+00,1.693163394927978516e+00
5.804175853729248047e+00,9.550407528877258301e-01
5.473353862762451172e+00,8.963376879692077637e-01
5.840566158294677734e+00,1.111075997352600098e+00
5.357115745544433594e+00,9.882520139217376709e-02
6.576708793640136719e+00,4.338050484657287598e-01
4.615468978881835938e+00,1.084808111190795898e+00
6.154948234558105469e+00,2.687436044216156006e-01
4.749916076660156250e+00,7.515599727630615234e-01
5.710464000701904297e+00,1.785973072052001953e+00
6.685842514038085938e+00,4.788147211074829102e-01
5.121061325073242188e+00,1.783239960670471191e+00
4.656037330627441406e+00,1.358562827110290527e+00
6.095890045166015625e+00,3.828076422214508057e-01
5.730073928833007812e+00,1.035869956016540527e+00
5.255654811859130859e+00,1.443076372146606445e+00
5.412177085876464844e+00,1.998886227607727051e+00
6.072295665740966797e+00,6.464309096336364746e-01
5.946441173553466797e+00,1.369842767715454102e+00
6.390481948852539062e+00,9.424939155578613281e-01
5.715016365051269531e+00,4.026647508144378662e-01
5.946519374847412109e+00,2.126412153244018555e+00
5.869678020477294922e+00,2.557190179824829102e+00
5.030503273010253906e+00,1.065189361572265625e+00
6.049336433410644531e+00,1.419358730316162109e+00
6.424670696258544922e+00,1.534375905990600586e+00
5.816229343414306641e+00,1.134632706642150879e+00
5.398494243621826172e+00,1.118237733840942383e+00
5.128482341766357422e+00,4.008966982364654541e-01
5.165539264678955078e+00,1.037040829658508301e+00
5.157493591308593750e+00,2.134603738784790039e+00
5.663956642150878906e+00,1.008942842483520508e+00
5.373629570007324219e+00,8.426481485366821289e-01
5.632643222808837891e+00,1.704841375350952148e+00
5.909124851226806641e+00,4.346540868282318115e-01
6.146570205688476562e+00,1.093327283859252930e+00
5.270464897155761719e+00,1.504691839218139648e+00
6.154458522796630859e+00,8.665248751640319824e-01
5.818158149719238281e+00,-2.100019603967666626e-01
5.339012622833251953e+00,8.600028157234191895e-01
5.233794212341308594e+00,9.276145100593566895e-01
6.488255500793457031e+00,1.759213566780090332e+00
6.069478511810302734e+00,1.383056879043579102e+00
6.076276779174804688e+00,5.944754481315612793e-01
6.693337440490722656e+00,1.640551328659057617e+00
5.880570888519287109e+00,8.328608274459838867e-01
6.370892524719238281e+00,8.809770941734313965e-01
7.156039714813232422e+00,1.340436339378356934e+00
5.948923587799072266e+00,4.339038729667663574e-01
5.627405643463134766e+00,1.226104423403739929e-01
6.422033786773681641e+00,1.011950612068176270e+00
5.648798942565917969e+00,-6.475772708654403687e-03
5.084688186645507812e+00,1.450326800346374512e+00
6.571333408355712891e+00,1.645518779754638672e+00
6.017716407775878906e+00,-1.915805041790008545e-01
4.952402114868164062e+00,1.074266791343688965e+00
